Player,Squad,Pos,Min,90s,Attacking_Efficiency,Defensive_Efficiency,Goals_p90,xG_p90,Assists_p90,xAG_p90,SoT_p90,KeyPasses_p90,Goals_Added
Nathan Ordaz,Los Angeles FC,ST,8,0.09,100.0,23.35,11.25,7.09,0.0,0.0,11.25,0.0,0.351
Cedric Teuchert,St. Louis City SC,ST,5,0.06,59.86,65.22,0.0,5.553,0.0,0.0,18.0,0.0,0.028
Tiago,Orlando City SC,ST,21,0.23,51.21,26.71,4.286,3.266,0.0,0.0,8.571,0.0,0.406
Tomas Totland,St. Louis City SC,FB,4,0.04,46.03,68.51,0.0,0.0,0.0,3.256,0.0,22.5,0.081
Bryan Zamblé,San Diego FC,W,15,0.17,42.02,6.44,6.0,0.746,0.0,0.0,6.0,0.0,0.078
Ariel Lassiter,Portland Timbers FC,W,20,0.22,32.74,57.22,4.5,0.841,0.0,0.0,4.5,0.0,0.024
Sam Surridge,Nashville SC,ST,90,1.0,31.57,100.0,2.0,2.132,0.0,0.0,5.0,0.0,0.757
Dénis Bouanga,Los Angeles FC,W,105,1.17,24.67,99.18,0.857,0.968,0.0,0.964,2.571,2.571,0.977
Marcel Hartel,St. Louis City SC,AM,100,1.11,24.39,83.11,0.9,0.287,0.0,0.493,3.6,4.5,0.481
Julian Hall,New York Red Bulls,ST,93,1.03,23.51,75.42,1.935,1.528,0.0,0.0,2.903,0.0,0.509
Zakaria Taifi,Orlando City SC,FB,11,0.12,21.43,55.54,0.0,0.0,0.0,2.655,0.0,8.182,0.205
Devin Padelford,Minnesota United FC,FB,16,0.18,19.97,41.24,0.0,0.0,0.0,4.3,0.0,5.625,0.069
Brendan McSorley,St. Louis City SC,AM,39,0.43,19.71,49.29,0.0,0.87,0.0,0.205,4.615,2.308,0.271
Derrick Etienne Jr.,Toronto FC,ST,83,0.92,18.88,61.59,1.084,0.961,0.0,0.142,2.169,2.169,0.22
Cade Cowell,New York Red Bulls,W,103,1.14,17.96,82.39,0.0,0.507,0.0,0.403,2.621,3.495,0.571
Daniel Munie,San Jose Earthquakes,CB,98,1.09,17.68,77.99,1.837,0.868,0.0,0.0,1.837,0.0,0.354
Jeevan Badwal,Vancouver Whitecaps FC,DM,12,0.13,17.0,68.88,0.0,0.0,0.0,1.336,0.0,7.5,0.087
Petar Musa,FC Dallas,ST,104,1.16,16.66,54.46,1.731,0.368,0.0,0.094,1.731,0.865,0.329
Ahmed Qasem,Nashville SC,W,13,0.14,16.56,34.38,0.0,0.181,0.0,0.0,6.923,0.0,0.03
Guilherme,Houston Dynamo FC,AM,90,1.0,16.45,59.3,2.0,0.414,0.0,0.0,2.0,0.0,0.236
David Martínez,Los Angeles FC,W,77,0.86,15.98,76.43,1.169,0.751,0.0,0.0,2.338,0.0,0.46
Emil Forsberg,New York Red Bulls,CM,103,1.14,15.93,91.03,0.0,0.53,0.0,0.726,1.748,2.621,0.678
Marcus Ingvartsen,San Diego FC,ST,63,0.7,15.56,48.67,1.429,0.109,0.0,0.323,1.429,2.857,-0.114
Tristan Muyumba,Atlanta United FC,W,25,0.28,15.41,52.24,0.0,0.081,0.0,0.788,0.0,7.2,0.033
Warren Madrigal,Nashville SC,W,69,0.77,15.38,64.71,1.304,0.752,0.0,0.124,1.304,1.304,0.145
Preston Judd,San Jose Earthquakes,ST,74,0.82,15.13,46.39,1.216,0.556,0.0,0.0,2.432,0.0,0.349
Nicolás Fernández,New York City FC,ST,105,1.17,15.0,67.95,0.857,0.786,0.0,0.437,0.857,1.714,0.352
Iván Angulo,Orlando City SC,FB,52,0.58,14.97,64.78,0.0,0.775,0.0,0.314,1.731,3.462,0.158
Keaton Parks,New York City FC,DM,24,0.27,14.96,65.91,0.0,1.692,0.0,0.079,0.0,3.75,0.193
Wessam Abou Ali,Columbus Crew,ST,89,0.99,14.36,61.57,1.011,0.431,0.0,0.041,2.022,1.011,0.269
Niko Tsakiris,San Jose Earthquakes,AM,98,1.09,14.24,53.29,0.0,0.132,0.0,0.456,0.0,6.429,0.169
Kelvin Yeboah,Minnesota United FC,ST,97,1.08,14.14,70.52,0.928,0.914,0.0,0.0,1.856,0.0,0.364
Anders Dreyer,San Diego FC,W,99,1.1,14.09,88.64,0.0,0.708,0.0,0.172,1.818,1.818,0.644
Onni Valakari,San Diego FC,CM,63,0.7,13.91,58.33,1.429,0.116,0.0,0.213,1.429,1.429,0.089
Aziel Jackson,Vancouver Whitecaps FC,W,73,0.81,13.73,53.5,1.233,0.408,0.0,0.0,2.466,0.0,0.135
Albert Rusnák,Seattle Sounders FC,AM,105,1.17,13.51,64.19,0.857,0.548,0.0,0.09,0.857,1.714,0.38
Diego Rossi,Columbus Crew,W,101,1.12,13.49,72.83,0.891,0.373,0.0,0.169,1.782,0.891,0.331
Paul Rothrock,Seattle Sounders FC,W,104,1.16,13.41,53.92,0.865,0.252,0.0,0.207,0.865,2.596,0.216
Hugo Cuypers,Chicago Fire FC,ST,100,1.11,12.71,77.31,0.9,0.522,0.0,0.019,0.9,0.9,0.496
Tai Baribo,D.C. United,ST,96,1.07,12.68,68.7,0.938,0.709,0.0,0.012,0.938,0.938,0.275
Alex Harris,Colorado Rapids,AM,27,0.3,12.65,56.38,0.0,0.907,0.0,0.0,3.333,0.0,0.219
Liel Abada,Charlotte FC,W,71,0.79,12.3,44.05,0.0,0.197,0.0,0.349,2.535,2.535,0.004
Simon Becher,St. Louis City SC,ST,95,1.06,12.25,83.82,0.0,0.25,0.0,0.49,0.947,2.842,0.496
Miguel Perez,St. Louis City SC,CM,15,0.17,11.64,56.93,0.0,0.0,0.0,0.119,0.0,6.0,0.019
Logan Farrington,FC Dallas,ST,87,0.97,11.62,52.03,1.034,0.319,0.0,0.148,1.034,1.034,0.135
Brendan Hines-Ike,Austin FC,CB,97,1.08,11.24,70.01,0.928,0.396,0.0,0.0,1.856,0.0,0.156
Kévin Denkey,FC Cincinnati,ST,101,1.12,11.23,62.01,0.891,0.841,0.0,0.0,0.891,0.0,0.262
Felipe Mora,Portland Timbers FC,AM,81,0.9,11.14,57.23,1.111,0.661,0.0,0.0,1.111,0.0,0.09
Anderson Julio,FC Dallas,ST,17,0.19,11.01,35.28,0.0,0.0,0.0,0.327,0.0,5.294,0.044
Kevin Kelsy,Portland Timbers FC,AM,20,0.22,10.94,68.67,0.0,0.0,0.0,0.841,0.0,4.5,0.084
Myrto Uzuni,Austin FC,ST,97,1.08,10.85,60.1,0.928,0.76,0.0,0.0,0.928,0.0,0.196
Jack Skahan,San Jose Earthquakes,W,24,0.27,10.58,62.63,0.0,2.315,0.0,0.0,0.0,0.0,0.129
Morris Duggan,Minnesota United FC,CB,97,1.08,10.5,76.47,0.928,0.463,0.0,0.0,0.928,0.0,0.362
Antony,Portland Timbers FC,W,91,1.01,10.41,60.8,0.989,0.105,0.0,0.141,0.989,0.989,0.129
Hany Mukhtar,Nashville SC,CM,103,1.14,10.16,53.46,0.874,0.5,0.0,0.019,0.874,0.874,0.005
Son Heung-Min,Los Angeles FC,ST,97,1.08,10.1,80.59,0.0,0.126,0.0,0.746,0.0,2.784,0.464
Emmanuel Sabbi,Vancouver Whitecaps FC,W,73,0.81,10.07,69.36,0.0,0.568,0.0,0.0,2.466,0.0,0.326
Martín Ojeda,Orlando City SC,AM,103,1.14,10.05,51.76,0.0,0.146,0.0,0.357,0.874,2.621,0.277
Ronald Donkor,New York Red Bulls,CM,103,1.14,9.96,81.21,0.0,0.184,0.0,0.301,0.0,3.495,0.331
Amahl Pellegrino,San Diego FC,W,84,0.93,9.89,50.5,1.071,0.437,0.0,0.0,1.071,0.0,0.055
Jon Gallagher,Austin FC,FB,97,1.08,9.87,72.33,0.0,0.023,0.0,0.866,0.928,1.856,0.361
Gabriel Pec,LA Galaxy,W,105,1.17,9.81,39.81,0.0,0.093,0.0,0.053,2.571,1.714,-0.037
Djordje Mihailovic,Toronto FC,W,104,1.16,9.71,48.28,0.865,0.331,0.0,0.024,0.865,0.865,0.057
Nick Hagglund,FC Cincinnati,CB,101,1.12,9.66,46.63,0.891,0.28,0.0,0.087,0.891,0.891,0.016
Robert Taylor,Austin FC,W,22,0.24,9.62,65.61,0.0,0.096,0.0,0.332,0.0,4.091,0.097
Hennadiy Synchuk,CF Montréal,W,48,0.53,9.43,44.18,0.0,0.069,0.0,0.209,1.875,1.875,0.088
Tadeo Allende,Inter Miami CF,DM,29,0.32,9.42,7.75,0.0,0.592,0.0,0.0,3.103,0.0,-0.123
Georgi Minoungou,Seattle Sounders FC,W,26,0.29,9.25,55.23,0.0,0.361,0.0,0.0,3.462,0.0,-0.133
Christopher McVey,San Diego FC,CB,99,1.1,9.21,85.67,0.909,0.102,0.0,0.0,0.909,0.0,0.402
Facundo Torres,Austin FC,AM,97,1.08,9.21,51.93,0.0,0.181,0.0,0.15,0.928,2.784,0.076
Milan Iloski,Philadelphia Union,W,73,0.81,9.15,43.05,0.0,0.515,0.0,0.0,2.466,0.0,0.17
Marco Reus,LA Galaxy,AM,74,0.82,9.13,63.58,0.0,0.034,0.0,0.165,1.216,2.432,0.168
João Klauss,LA Galaxy,ST,95,1.06,9.05,42.08,0.947,0.107,0.0,0.042,0.947,0.947,-0.052
Juan José Mina,New York Red Bulls,FB,32,0.36,9.05,54.34,0.0,0.463,0.0,0.0,2.812,0.0,0.034
Sebastian Berhalter,Vancouver Whitecaps FC,DM,103,1.14,8.8,64.09,0.0,0.054,0.0,0.374,0.0,3.495,0.151
Leonardo Campana,New England Revolution,ST,103,1.14,8.42,51.22,0.874,0.336,0.0,0.0,0.874,0.0,0.088
Lionel Messi,Inter Miami CF,AM,105,1.17,8.3,78.88,0.0,0.202,0.0,0.401,0.0,1.714,0.557
Adri Mehmeti,New York Red Bulls,DM,82,0.91,8.16,77.6,0.0,0.0,0.0,0.795,0.0,2.195,0.337
Ousseni Bouda,San Jose Earthquakes,W,98,1.09,8.05,59.84,0.0,0.054,0.0,0.132,1.837,0.918,0.201
Jack McGlynn,Houston Dynamo FC,CM,90,1.0,8.01,63.04,0.0,0.019,0.0,0.252,1.0,2.0,0.152
Chris Durkin,St. Louis City SC,CM,85,0.94,8.01,66.17,0.0,0.466,0.0,0.075,1.059,1.059,0.183
Josh Bauer,Nashville SC,FB,23,0.26,7.88,55.46,0.0,0.0,0.0,0.103,0.0,3.913,-0.034
Snyder Brunell,Seattle Sounders FC,DM,53,0.59,7.88,51.72,0.0,0.0,0.0,0.272,0.0,3.396,0.077
Omar Valencia,New York Red Bulls,FB,32,0.36,7.87,54.2,0.0,0.067,0.0,0.0,2.812,0.0,0.1
Dylan Chambost,Columbus Crew,CM,25,0.28,7.87,57.43,0.0,0.0,0.0,0.175,0.0,3.6,0.045
Pep Biel,Charlotte FC,AM,100,1.11,7.81,42.82,0.9,0.185,0.0,0.0,0.9,0.0,0.041
Jorge Ruvalcaba,New York Red Bulls,W,81,0.9,7.7,60.17,0.0,0.304,0.0,0.0,2.222,0.0,0.137
Christian Cappis,FC Dallas,CM,97,1.08,7.51,56.24,0.0,0.0,0.0,0.402,0.0,2.784,0.16
Cavan Sullivan,Philadelphia Union,W,26,0.29,7.51,47.94,0.0,0.0,0.0,0.137,0.0,3.462,0.035
Kristoffer Velde,Portland Timbers FC,W,97,1.08,7.45,38.33,0.0,0.157,0.0,0.049,1.856,0.928,0.012
Gerardo Valenzuela,FC Cincinnati,DM,79,0.88,7.44,54.41,0.0,0.285,0.0,0.202,0.0,2.278,0.187
Augustin Anello,Philadelphia Union,CM,39,0.43,7.43,33.65,0.0,0.243,0.0,0.0,2.308,0.0,0.089
Pablo Ruiz,Real Salt Lake,CM,26,0.29,7.26,41.36,0.0,0.0,0.0,0.116,0.0,3.462,-0.011
Miguel Almirón,Atlanta United FC,ST,101,1.12,7.24,74.9,0.0,0.178,0.0,0.0,1.782,0.0,0.34
Carles Gil,New England Revolution,AM,103,1.14,7.21,65.31,0.0,0.0,0.0,0.388,0.0,2.621,0.16
Manu García,Sporting Kansas City,CM,98,1.09,7.07,58.04,0.0,0.048,0.0,0.193,0.0,2.755,0.13
Jeppe Tverskov,San Diego FC,DM,99,1.1,6.96,86.59,0.0,0.0,0.0,0.307,0.0,1.818,0.436
Jamar Ricketts,San Jose Earthquakes,W,86,0.96,6.92,52.85,0.0,0.037,0.0,0.786,0.0,2.093,0.078
Ezekiel Alladoh,Philadelphia Union,ST,61,0.68,6.9,46.76,0.0,0.0,0.0,0.372,0.0,2.951,-0.02
Jesús Ferreira,Seattle Sounders FC,W,86,0.96,6.86,59.77,0.0,0.046,0.0,0.346,1.047,1.047,0.162
Rafael Santos,St. Louis City SC,FB,96,1.07,6.79,30.02,0.0,0.099,0.0,0.042,1.875,0.938,-0.094
Matthew Dos Santos,New York Red Bulls,FB,71,0.79,6.72,49.92,0.0,0.0,0.0,0.376,0.0,2.535,0.09
Peglow,D.C. United,W,99,1.1,6.69,61.14,0.0,0.036,0.0,0.511,0.0,1.818,0.255
Patrick Yazbek,Nashville SC,DM,80,0.89,6.65,63.49,0.0,0.0,0.0,0.526,0.0,2.25,0.111
Saba Lobjanidze,Atlanta United FC,W,76,0.84,6.62,41.77,0.0,0.184,0.0,0.039,1.184,1.184,0.024
Timothy Tillman,Los Angeles FC,AM,90,1.0,6.6,53.65,0.0,0.173,0.0,0.47,0.0,2.0,0.074
David Schnegg,Charlotte FC,FB,29,0.32,6.54,37.86,0.0,0.0,0.0,0.213,0.0,3.103,-0.081
Daniel Ríos,CF Montréal,ST,36,0.4,6.33,66.45,0.0,0.0,0.0,0.31,0.0,2.5,0.048
José Cifuentes,Toronto FC,DM,104,1.16,6.31,61.6,0.0,0.038,0.0,0.319,0.865,0.865,0.21
Wilfried Zaha,Charlotte FC,W,100,1.11,6.29,55.2,0.0,0.0,0.0,0.173,0.0,2.7,0.029
Daniel Edelman,St. Louis City SC,CM,100,1.11,6.28,52.09,0.0,0.0,0.0,0.181,0.0,2.7,0.024
Prince Owusu,CF Montréal,ST,63,0.7,6.28,66.93,0.0,0.159,0.0,0.042,0.0,1.429,0.42
Cole Bassett,Portland Timbers FC,DM,101,1.12,6.17,67.42,0.0,0.138,0.0,0.067,0.891,0.891,0.192
Wayne Frederick,Colorado Rapids,DM,36,0.4,6.0,47.72,0.0,0.0,0.0,0.268,0.0,2.5,-0.005
Dániel Sallói,Toronto FC,W,45,0.5,5.96,36.37,0.0,0.165,0.0,0.0,2.0,0.0,-0.027
Rafael Navarro,Colorado Rapids,ST,112,1.24,5.94,44.3,0.0,0.086,0.0,0.07,0.804,1.607,-0.037
Facundo Mura,Inter Miami CF,FB,52,0.58,5.84,59.74,0.0,0.224,0.0,0.256,0.0,1.731,0.062
Miguel Navarro,Colorado Rapids,FB,7,0.08,5.72,47.68,0.0,1.144,0.0,0.0,0.0,0.0,0.03
Miles Robinson,FC Cincinnati,CB,101,1.12,5.65,76.9,0.0,0.176,0.0,0.0,0.891,0.0,0.401
Sergi Solans,Real Salt Lake,W,39,0.43,5.6,63.01,0.0,0.078,0.0,0.1,0.0,2.308,-0.007
Bryan Ramirez,FC Cincinnati,FB,101,1.12,5.57,66.47,0.0,0.0,0.0,0.229,0.0,1.782,0.182
Max Arfsten,Columbus Crew,FB,101,1.12,5.57,61.89,0.0,0.016,0.0,0.142,0.0,1.782,0.206
Tomás Chancalay,Minnesota United FC,W,89,0.99,5.55,38.93,0.0,0.145,0.0,0.05,1.011,1.011,-0.04
Bruno Damiani,Philadelphia Union,ST,82,0.91,5.53,50.69,0.0,0.099,0.0,0.115,0.0,2.195,-0.007
Yannick Bright,Inter Miami CF,DM,76,0.84,5.4,57.94,0.0,0.0,0.0,0.119,0.0,2.368,-0.02
Ender Echenique,FC Cincinnati,FB,92,1.02,5.3,63.79,0.0,0.07,0.0,0.394,0.0,0.978,0.281
Hannes Wolf,New York City FC,W,95,1.06,5.3,54.44,0.0,0.078,0.0,0.147,0.0,1.895,0.054
Rodrigo de Paul,Inter Miami CF,DM,105,1.17,5.25,86.85,0.0,0.062,0.0,0.093,0.0,0.857,0.46
Alex Mighten,San Diego FC,ST,36,0.4,5.23,42.5,0.0,0.0,0.0,0.088,0.0,2.5,-0.089
Hugo Picard,Columbus Crew,W,89,0.99,5.22,51.9,0.0,0.068,0.0,0.096,0.0,2.022,0.021
Conrad Wallem,St. Louis City SC,FB,100,1.11,5.12,55.63,0.0,0.093,0.0,0.094,0.0,1.8,0.061
Germán Berterame,Inter Miami CF,ST,105,1.17,5.09,57.6,0.0,0.364,0.0,0.0,0.857,0.0,0.14
Marco Pašalić,Orlando City SC,W,51,0.57,5.07,45.1,0.0,0.085,0.0,0.0,1.765,0.0,-0.047
Leonardo Barroso,Chicago Fire FC,FB,100,1.11,5.03,52.83,0.0,0.019,0.0,0.123,0.9,0.9,0.008
Teenage Hadebe,FC Cincinnati,CB,74,0.82,5.02,72.2,0.0,0.0,0.0,0.21,0.0,1.216,0.276
Brian White,Vancouver Whitecaps FC,ST,103,1.14,4.86,52.04,0.0,0.386,0.0,0.0,0.874,0.0,0.065
Olger Escobar,CF Montréal,AM,54,0.6,4.86,39.1,0.0,0.05,0.0,0.0,1.667,0.0,-0.019
Adrián Marín,Orlando City SC,FB,103,1.14,4.83,52.38,0.0,0.038,0.0,0.249,0.0,1.748,-0.009
Richie Laryea,Toronto FC,FB,104,1.16,4.8,61.7,0.0,0.0,0.0,0.071,0.0,1.731,0.103
Jayden Nelson,Austin FC,W,72,0.8,4.77,71.7,0.0,0.0,0.0,0.177,0.0,1.25,0.224
Jahkeele Marshall-Rutty,New York Red Bulls,FB,71,0.79,4.74,55.43,0.0,0.078,0.0,0.0,1.268,0.0,0.113
Ariath Piol,Real Salt Lake,ST,89,0.99,4.73,52.14,0.0,0.229,0.0,0.0,1.011,0.0,0.102
Andrés Herrera,Columbus Crew,FB,101,1.12,4.61,54.93,0.0,0.055,0.0,0.109,0.0,1.782,-0.018
Ezequiel Ponce,Houston Dynamo FC,ST,100,1.11,4.55,49.99,0.0,0.228,0.0,0.0,0.9,0.0,0.115
Hamzat Ojediran,Colorado Rapids,DM,76,0.84,4.46,61.55,0.0,0.103,0.0,0.0,1.184,0.0,0.069
Amar Sejdić,Columbus Crew,CM,76,0.84,4.39,58.29,0.0,0.025,0.0,0.091,0.0,1.184,0.184
Brandon Bye,Portland Timbers FC,FB,101,1.12,4.36,46.0,0.0,0.0,0.0,0.067,0.0,1.782,-0.008
Ronaldo Vieira,San Jose Earthquakes,DM,69,0.77,4.34,54.65,0.0,0.06,0.0,0.115,0.0,1.304,0.091
Joaquín Pereyra,Minnesota United FC,AM,97,1.08,4.32,50.31,0.0,0.037,0.0,0.463,0.0,0.928,0.084
Edvard Tagseth,Nashville SC,CM,98,1.09,4.31,67.28,0.0,0.0,0.0,0.465,0.0,0.918,0.112
Anthony Markanich,Minnesota United FC,FB,81,0.9,4.25,42.62,0.0,0.037,0.0,0.19,0.0,1.111,0.124
Ronald Hernández,Atlanta United FC,FB,101,1.12,4.25,45.88,0.0,0.0,0.0,0.051,0.0,1.782,-0.024
Matti Peltola,D.C. United,CM,99,1.1,4.24,69.72,0.0,0.0,0.0,0.067,0.0,0.909,0.283
Bernard Kamungo,FC Dallas,FB,104,1.16,4.24,49.69,0.0,0.0,0.0,0.052,0.0,1.731,-0.008
Griffin Dorsey,Orlando City SC,FB,92,1.02,4.23,55.41,0.0,0.071,0.0,0.0,0.978,0.0,0.139
Benji Kikanović,San Jose Earthquakes,FB,98,1.09,4.22,57.32,0.0,0.088,0.0,0.034,0.0,0.918,0.219
Joseph Paintsil,LA Galaxy,W,105,1.17,4.2,62.95,0.0,0.053,0.0,0.0,0.857,0.0,0.202
Kwaku Agyabeng,Sporting Kansas City,ST,60,0.67,4.13,61.4,0.0,0.0,0.0,0.238,0.0,1.5,-0.034
Japhet Sery Larsen,Philadelphia Union,CB,99,1.1,4.04,68.54,0.0,0.0,0.0,0.082,0.0,0.909,0.232
Tayvon Gray,New York City FC,FB,87,0.97,4.01,72.84,0.0,0.0,0.0,0.021,0.0,1.034,0.208
Beau Leroux,San Jose Earthquakes,DM,86,0.96,3.94,52.55,0.0,0.052,0.0,0.301,0.0,1.047,0.017
Jackson Ragen,Seattle Sounders FC,CB,112,1.24,3.93,61.75,0.0,0.085,0.0,0.0,0.804,0.0,0.142
Osaze Urhoghide,FC Dallas,CB,104,1.16,3.89,72.01,0.0,0.0,0.0,0.166,0.0,0.865,0.177
Dani Pereira,Austin FC,DM,97,1.08,3.87,67.67,0.0,0.05,0.0,0.0,0.928,0.0,0.1
Tyrese Spicer,Orlando City SC,W,82,0.91,3.83,25.99,0.0,0.195,0.0,0.053,0.0,1.098,-0.029
Ayoub Jabbari,FC Cincinnati,ST,74,0.82,3.81,44.79,0.0,0.0,0.0,0.24,0.0,1.216,-0.002
Jonathan Osorio,Toronto FC,AM,104,1.16,3.78,62.26,0.0,0.088,0.0,0.212,0.0,0.865,0.061
Maren Haile-Selassie,Chicago Fire FC,FB,100,1.11,3.73,56.01,0.0,0.094,0.0,0.0,0.9,0.0,0.046
Luca Moisa,Real Salt Lake,CM,77,0.86,3.71,58.82,0.0,0.043,0.0,0.04,0.0,1.169,0.05
Jackson Hopkins,D.C. United,W,92,1.02,3.69,53.53,0.0,0.0,0.0,0.19,0.0,0.978,0.082
Calvin Harris,Sporting Kansas City,W,94,1.04,3.63,41.42,0.0,0.139,0.0,0.0,0.957,0.0,-0.038
Justin Che,New York Red Bulls,CB,103,1.14,3.61,63.66,0.0,0.0,0.0,0.021,0.0,0.874,0.18
Jayden Reid,Sporting Kansas City,FB,98,1.09,3.55,60.1,0.0,0.0,0.0,0.101,0.0,0.918,0.112
Diego Chará,Portland Timbers FC,DM,101,1.12,3.55,64.84,0.0,0.012,0.0,0.114,0.0,0.891,0.107
DJ Taylor,Minnesota United FC,FB,69,0.77,3.54,57.3,0.0,0.0,0.0,0.043,0.0,1.304,-0.003
Louicius Don Deedson,FC Dallas,FB,27,0.3,3.4,49.36,0.0,0.354,0.0,0.0,0.0,0.0,0.172
Noel Caliskan,Real Salt Lake,CM,103,1.14,3.32,61.9,0.0,0.05,0.0,0.023,0.0,0.874,0.075
Ilay Feingold,New England Revolution,FB,13,0.14,3.3,61.62,0.0,0.574,0.0,0.0,0.0,0.0,-0.03
Jeisson Palacios,Nashville SC,CB,103,1.14,3.29,64.57,0.0,0.029,0.0,0.083,0.0,0.874,0.058
Thomas Müller,Vancouver Whitecaps FC,AM,103,1.14,3.16,51.67,0.0,0.07,0.0,0.054,0.0,0.874,0.009
Kieran Sargeant,San Diego FC,FB,99,1.1,3.12,50.39,0.0,0.0,0.0,0.215,0.0,0.909,-0.028
Erik Sviatchenko,Houston Dynamo FC,CB,100,1.11,3.11,52.15,0.0,0.0,0.0,0.055,0.0,0.9,0.046
Alexandros Katranis,Real Salt Lake,FB,103,1.14,3.1,52.14,0.0,0.0,0.0,0.111,0.0,0.874,0.027
Dagur Dan Thórhallsson,CF Montréal,W,99,1.1,3.08,52.71,0.0,0.0,0.0,0.033,0.0,0.909,0.045
Mateo Silvetti,Inter Miami CF,W,89,0.99,3.06,29.94,0.0,0.055,0.0,0.0,1.011,0.0,-0.119
Brayan Vera,CF Montréal,FB,99,1.1,3.05,75.1,0.0,0.019,0.0,0.0,0.0,0.0,0.37
Cristian Espinoza,Nashville SC,W,90,1.0,3.04,47.37,0.0,0.0,0.0,0.033,0.0,1.0,0.003
Andrés Cubas,Vancouver Whitecaps FC,DM,91,1.01,2.98,58.09,0.0,0.0,0.0,0.019,0.0,0.989,0.001
Andre Blake,Philadelphia Union,GK,99,1.1,2.95,53.96,0.0,0.0,0.0,0.071,0.0,0.909,0.0
Maximiliano Falcón,Inter Miami CF,CB,105,1.17,2.89,79.56,0.0,0.0,0.0,0.0,0.0,0.0,0.349
Cristian Roldan,Seattle Sounders FC,DM,112,1.24,2.86,54.73,0.0,0.034,0.0,0.031,0.0,0.804,0.009
Joel Waterman,Chicago Fire FC,CB,100,1.11,2.86,77.14,0.0,0.0,0.0,0.0,0.0,0.0,0.343
Colin Guske,Orlando City SC,CM,89,0.99,2.86,48.88,0.0,0.0,0.0,0.035,0.0,1.011,-0.041
Zavier Gozo,Real Salt Lake,FB,103,1.14,2.83,33.42,0.0,0.061,0.0,0.0,0.874,0.0,-0.111
Indiana Vassilev,Philadelphia Union,W,82,0.91,2.82,45.12,0.0,0.0,0.0,0.047,0.0,1.098,-0.086
Daniel Lovitz,Nashville SC,FB,103,1.14,2.77,52.63,0.0,0.0,0.0,0.025,0.0,0.874,-0.006
Lucas Halter,Houston Dynamo FC,CB,100,1.11,2.77,52.32,0.0,0.0,0.0,0.098,0.0,0.9,-0.049
Anton Salétros,Chicago Fire FC,CM,100,1.11,2.74,41.4,0.0,0.0,0.0,0.075,0.0,0.9,-0.045
Samuel Gidi,FC Cincinnati,DM,101,1.12,2.73,50.01,0.0,0.0,0.0,0.078,0.0,0.891,-0.045
Nathan Byrne,Charlotte FC,FB,100,1.11,2.73,53.21,0.0,0.195,0.0,0.0,0.0,0.0,0.155
Malte Amundsen,Columbus Crew,CB,101,1.12,2.71,51.05,0.0,0.0,0.0,0.154,0.0,0.891,-0.084
Lucas Herrington,Colorado Rapids,CB,112,1.24,2.63,61.58,0.0,0.0,0.0,0.021,0.0,0.804,-0.009
Sebastien Ibeagha,FC Dallas,CB,104,1.16,2.63,57.65,0.0,0.274,0.0,0.0,0.0,0.0,0.068
Eddie Segura,Los Angeles FC,FB,105,1.17,2.61,75.04,0.0,0.0,0.0,0.0,0.0,0.0,0.289
Dejan Joveljic,Sporting Kansas City,ST,98,1.09,2.61,54.55,0.0,0.241,0.0,0.0,0.0,0.0,0.091
Louis Munteanu,D.C. United,ST,26,0.29,2.59,36.87,0.0,0.385,0.0,0.0,0.0,0.0,-0.03
Maxi Moralez,New York City FC,AM,105,1.17,2.52,45.76,0.0,0.0,0.0,0.078,0.0,0.857,-0.079
Sean Zawadzki,Columbus Crew,CB,101,1.12,2.49,73.75,0.0,0.04,0.0,0.0,0.0,0.0,0.229
Stephen Eustáquio,Los Angeles FC,DM,105,1.17,2.41,68.02,0.0,0.0,0.0,0.0,0.0,0.0,0.246
Reid Roberts,San Jose Earthquakes,CB,98,1.09,2.39,68.86,0.0,0.085,0.0,0.0,0.0,0.0,0.17
Danley Jean Jacques,Philadelphia Union,CM,99,1.1,2.39,64.24,0.0,0.039,0.0,0.0,0.0,0.0,0.208
Idan Toklomati,Charlotte FC,ST,90,1.0,2.38,36.65,0.0,0.0,0.0,0.101,0.0,1.0,-0.171
Rudy Camacho,Columbus Crew,CB,80,0.89,2.38,47.8,0.0,0.0,0.0,0.042,0.0,1.125,-0.19
Raul Gustavo,New York City FC,CB,105,1.17,2.36,51.96,0.0,0.0,0.0,0.023,0.0,0.857,-0.087
Ramiro,FC Dallas,DM,104,1.16,2.33,66.44,0.0,0.0,0.0,0.0,0.0,0.0,0.227
Dante Polvara,St. Louis City SC,CB,86,0.96,2.31,49.04,0.0,0.327,0.0,0.0,0.0,0.0,-0.045
Braian Ojeda,Orlando City SC,DM,103,1.14,2.31,65.71,0.0,0.065,0.0,0.0,0.0,0.0,0.17
Kerwin Vargas,Charlotte FC,W,29,0.32,2.31,54.09,0.0,0.213,0.0,0.0,0.0,0.0,0.048
Ilie Sánchez,Austin FC,DM,81,0.9,2.3,62.97,0.0,0.157,0.0,0.0,0.0,0.0,0.092
Stas Kornzeniowski,Philadelphia Union,ST,17,0.19,2.3,64.66,0.0,0.248,0.0,0.0,0.0,0.0,0.019
Mateusz Bogusz,Houston Dynamo FC,AM,100,1.11,2.27,15.18,0.0,0.206,0.0,0.093,0.0,0.9,-0.323
Lucas Bartlett,D.C. United,CB,99,1.1,2.24,56.86,0.0,0.067,0.0,0.0,0.0,0.0,0.152
Jacob Bartlett,Sporting Kansas City,CM,98,1.09,2.17,65.99,0.0,0.0,0.0,0.0,0.0,0.0,0.192
Finn Surman,Portland Timbers FC,CB,101,1.12,2.14,68.23,0.0,0.0,0.0,0.0,0.0,0.0,0.186
Nolan Miller,Orlando City SC,CB,52,0.58,2.14,56.08,0.0,0.155,0.0,0.0,0.0,0.0,0.059
Herman Johansson,FC Dallas,FB,77,0.86,2.11,53.9,0.0,0.104,0.0,0.0,0.0,0.0,0.095
Brooklyn Raines,New England Revolution,DM,103,1.14,2.07,73.09,0.0,0.0,0.0,0.0,0.0,0.0,0.172
Tristan Blackmon,Vancouver Whitecaps FC,CB,103,1.14,2.05,68.15,0.0,0.017,0.0,0.0,0.0,0.0,0.153
Antônio Carlos,Houston Dynamo FC,CB,100,1.11,2.05,70.58,0.0,0.0,0.0,0.0,0.0,0.0,0.168
Tate Johnson,Vancouver Whitecaps FC,FB,103,1.14,2.03,63.34,0.0,0.016,0.0,0.0,0.0,0.0,0.149
Sergi Palencia,Los Angeles FC,FB,105,1.17,2.02,58.17,0.0,0.12,0.0,0.0,0.0,0.0,0.061
Nathan Harriel,Philadelphia Union,FB,99,1.1,2.0,41.02,0.0,0.036,0.0,0.0,0.0,0.0,0.127
Wikelman Carmona,CF Montréal,W,51,0.57,1.99,41.31,0.0,0.219,0.0,0.0,0.0,0.0,-0.025
Maya Yoshida,LA Galaxy,CB,31,0.34,1.97,60.35,0.0,0.0,0.0,0.0,0.0,0.0,0.15
Andy Najar,Nashville SC,FB,80,0.89,1.96,64.28,0.0,0.0,0.0,0.0,0.0,0.0,0.148
Noah Allen,Inter Miami CF,FB,105,1.17,1.96,68.75,0.0,0.0,0.0,0.0,0.0,0.0,0.148
Shapi Suleymanov,Sporting Kansas City,W,71,0.79,1.92,58.36,0.0,0.14,0.0,0.0,0.0,0.0,0.024
Timo Baumgartl,St. Louis City SC,CB,100,1.11,1.92,63.37,0.0,0.0,0.0,0.0,0.0,0.0,0.139
Alex Bonetig,Portland Timbers FC,CB,91,1.01,1.91,71.88,0.0,0.0,0.0,0.0,0.0,0.0,0.136
Enea Mihaj,Atlanta United FC,CB,101,1.12,1.91,62.21,0.0,0.0,0.0,0.0,0.0,0.0,0.136
Henry Wingo,Toronto FC,FB,21,0.23,1.9,55.88,0.0,0.121,0.0,0.0,0.0,0.0,0.035
Olwethu Makhanya,Philadelphia Union,FB,99,1.1,1.88,56.27,0.0,0.0,0.0,0.0,0.0,0.0,0.13
Noah Cobb,Colorado Rapids,CB,112,1.24,1.86,66.18,0.0,0.0,0.0,0.0,0.0,0.0,0.126
Jimer Fory,Portland Timbers FC,FB,101,1.12,1.85,56.93,0.0,0.0,0.0,0.0,0.0,0.0,0.124
Shaq Moore,FC Dallas,CB,104,1.16,1.85,63.06,0.0,0.0,0.0,0.0,0.0,0.0,0.123
Kevin O'Toole,New York City FC,FB,105,1.17,1.81,62.12,0.0,0.078,0.0,0.0,0.0,0.0,0.05
Andrew Farrell,New England Revolution,CB,103,1.14,1.81,65.3,0.0,0.0,0.0,0.0,0.0,0.0,0.114
Matty Longstaff,CF Montréal,DM,51,0.57,1.8,67.26,0.0,0.0,0.0,0.0,0.0,0.0,0.111
Thiago Martins,New York City FC,CB,105,1.17,1.8,66.61,0.0,0.0,0.0,0.0,0.0,0.0,0.113
Alex Roldan,Seattle Sounders FC,FB,112,1.24,1.78,48.98,0.0,0.064,0.0,0.0,0.0,0.0,0.057
Alexis Manyoma,Colorado Rapids,W,27,0.3,1.76,50.06,0.0,0.086,0.0,0.0,0.0,0.0,0.033
Osaze De Rosario,Seattle Sounders FC,ST,86,0.96,1.75,36.77,0.0,0.077,0.0,0.0,0.0,0.0,0.039
Tyler Boyd,Los Angeles FC,AM,15,0.17,1.75,7.92,0.0,0.0,0.0,0.0,0.0,0.0,0.102
Kaick,FC Dallas,CM,77,0.86,1.75,48.42,0.0,0.177,0.0,0.0,0.0,0.0,-0.043
Mark Delgado,Los Angeles FC,DM,105,1.17,1.74,57.55,0.0,0.0,0.0,0.0,0.0,0.0,0.1
Kosi Thompson,Toronto FC,CB,104,1.16,1.68,57.69,0.0,0.0,0.0,0.0,0.0,0.0,0.087
Telasco Segovia,Inter Miami CF,W,105,1.17,1.68,62.08,0.0,0.0,0.0,0.0,0.0,0.0,0.086
Wyatt Meyer,Sporting Kansas City,CB,98,1.09,1.66,63.47,0.0,0.0,0.0,0.0,0.0,0.0,0.082
Duncan McGuire,Orlando City SC,ST,103,1.14,1.65,30.75,0.0,0.132,0.0,0.0,0.0,0.0,-0.029
Aiden Hezarkhani,Real Salt Lake,W,77,0.86,1.65,38.17,0.0,0.038,0.0,0.0,0.0,0.0,0.049
Gustav Berggren,New York Red Bulls,DM,21,0.23,1.62,61.36,0.0,0.132,0.0,0.0,0.0,0.0,-0.034
Ian James,Sporting Kansas City,CB,98,1.09,1.61,57.99,0.0,0.087,0.0,0.0,0.0,0.0,0.001
Nectarios Triantis,Minnesota United FC,DM,89,0.99,1.59,63.3,0.0,0.027,0.0,0.0,0.0,0.0,0.045
Michael Boxall,Minnesota United FC,CB,97,1.08,1.59,65.77,0.0,0.0,0.0,0.0,0.0,0.0,0.066
Žan Kolmanič,Austin FC,FB,97,1.08,1.59,59.15,0.0,0.0,0.0,0.0,0.0,0.0,0.067
Miki Yamane,LA Galaxy,FB,105,1.17,1.58,53.7,0.0,0.0,0.0,0.0,0.0,0.0,0.064
Vitor Costa,San Jose Earthquakes,FB,24,0.27,1.57,57.06,0.0,0.0,0.0,0.0,0.0,0.0,0.063
Alonso Coello,Toronto FC,DM,59,0.66,1.57,56.43,0.0,0.0,0.0,0.0,0.0,0.0,0.063
Jansen Miller,Sporting Kansas City,CB,27,0.3,1.56,50.03,0.0,0.0,0.0,0.0,0.0,0.0,0.061
Kye Rowles,D.C. United,CB,99,1.1,1.56,51.77,0.0,0.0,0.0,0.0,0.0,0.0,0.061
Tanner Beason,New England Revolution,FB,58,0.64,1.54,55.37,0.0,0.0,0.0,0.0,0.0,0.0,0.056
Duane Holmes,Houston Dynamo FC,FB,82,0.91,1.54,49.23,0.0,0.0,0.0,0.0,0.0,0.0,0.055
Kai Trewin,New York City FC,DM,95,1.06,1.53,60.19,0.0,0.0,0.0,0.0,0.0,0.0,0.053
Micael,Inter Miami CF,CB,105,1.17,1.53,65.59,0.0,0.0,0.0,0.0,0.0,0.0,0.053
Pavel Bucha,FC Cincinnati,CM,101,1.12,1.52,52.03,0.0,0.043,0.0,0.0,0.0,0.0,0.015
Yevhen Cheberko,Columbus Crew,CB,21,0.23,1.51,59.28,0.0,0.0,0.0,0.0,0.0,0.0,0.05
Ryan Porteous,Los Angeles FC,CB,105,1.17,1.51,56.61,0.0,0.0,0.0,0.0,0.0,0.0,0.049
Efrain Morales,CF Montréal,CB,99,1.1,1.51,59.05,0.0,0.0,0.0,0.0,0.0,0.0,0.05
Agustín Ojeda,New York City FC,W,105,1.17,1.51,49.22,0.0,0.075,0.0,0.0,0.0,0.0,-0.013
Luis Suárez,Inter Miami CF,W,16,0.18,1.5,39.92,0.0,0.0,0.0,0.0,0.0,0.0,0.048
Agustín Bouzat,Houston Dynamo FC,CM,100,1.11,1.5,53.42,0.0,0.0,0.0,0.0,0.0,0.0,0.048
Reggie Cannon,Colorado Rapids,FB,62,0.69,1.49,57.96,0.0,0.0,0.0,0.0,0.0,0.0,0.044
Manu Duah,San Diego FC,CB,99,1.1,1.49,63.8,0.0,0.0,0.0,0.0,0.0,0.0,0.044
Keisuke Kurokawa,D.C. United,FB,99,1.1,1.49,54.17,0.0,0.0,0.0,0.0,0.0,0.0,0.045
Victor Loturi,CF Montréal,DM,88,0.98,1.48,55.83,0.0,0.0,0.0,0.0,0.0,0.0,0.043
Brandan Craig,CF Montréal,CB,45,0.5,1.48,46.38,0.0,0.16,0.0,0.0,0.0,0.0,-0.089
Alejandro Bedoya,Philadelphia Union,W,17,0.19,1.46,50.39,0.0,0.0,0.0,0.0,0.0,0.0,0.038
Lukas MacNaughton,St. Louis City SC,CB,14,0.16,1.45,56.8,0.0,0.0,0.0,0.0,0.0,0.0,0.035
Jeong Sang-Bin,St. Louis City SC,AM,61,0.68,1.45,51.95,0.0,0.0,0.0,0.0,0.0,0.0,0.036
Sekou Bangoura,Columbus Crew,CM,21,0.23,1.45,53.33,0.0,0.0,0.0,0.0,0.0,0.0,0.036
Jonathan Shore,New York City FC,DM,10,0.11,1.45,51.96,0.0,0.0,0.0,0.0,0.0,0.0,0.036
Kenji Cabrera,Vancouver Whitecaps FC,W,30,0.33,1.45,60.59,0.0,0.0,0.0,0.0,0.0,0.0,0.037
Tomás Avilés,CF Montréal,CB,53,0.59,1.44,53.24,0.0,0.0,0.0,0.0,0.0,0.0,0.035
Patrickson Delgado,FC Dallas,CM,27,0.3,1.43,47.75,0.0,0.0,0.0,0.0,0.0,0.0,0.031
Luke Brennan,Atlanta United FC,CM,14,0.16,1.43,44.83,0.0,0.0,0.0,0.0,0.0,0.0,0.032
Sergio Oregel,Chicago Fire FC,CM,9,0.1,1.43,65.44,0.0,0.0,0.0,0.0,0.0,0.0,0.032
Luca Bombino,San Diego FC,FB,73,0.81,1.42,49.85,0.0,0.0,0.0,0.0,0.0,0.0,0.03
Jake Davis,Sporting Kansas City,ST,98,1.09,1.42,46.52,0.0,0.011,0.0,0.0,0.0,0.0,0.021
Ashley Westwood,Charlotte FC,DM,100,1.11,1.42,59.32,0.0,0.0,0.0,0.0,0.0,0.0,0.03
Oleksandr Svatok,Austin FC,CB,97,1.08,1.41,58.82,0.0,0.0,0.0,0.0,0.0,0.0,0.027
Nouhou,Seattle Sounders FC,FB,112,1.24,1.4,47.73,0.0,0.01,0.0,0.0,0.0,0.0,0.016
Paul Marie,San Jose Earthquakes,W,12,0.13,1.39,64.94,0.0,0.0,0.0,0.0,0.0,0.0,0.024
Emmanuel Latte Lath,Atlanta United FC,ST,101,1.12,1.38,40.34,0.0,0.195,0.0,0.0,0.0,0.0,-0.139
Joseph Rosales,Austin FC,W,94,1.04,1.38,46.67,0.0,0.018,0.0,0.0,0.0,0.0,0.005
Wil Trapp,Minnesota United FC,DM,97,1.08,1.38,54.38,0.0,0.0,0.0,0.0,0.0,0.0,0.02
Elías Baez,Atlanta United FC,FB,101,1.12,1.38,50.68,0.0,0.0,0.0,0.0,0.0,0.0,0.02
Andrew Baiera,New York City FC,FB,18,0.2,1.37,53.42,0.0,0.0,0.0,0.0,0.0,0.0,0.019
Jonathan González,San Jose Earthquakes,DM,12,0.13,1.37,41.47,0.0,0.0,0.0,0.0,0.0,0.0,0.019
Jaziel Orozco,St. Louis City SC,CB,100,1.11,1.37,57.9,0.0,0.036,0.0,0.0,0.0,0.0,-0.01
Franco Negri,Houston Dynamo FC,AM,10,0.11,1.37,49.15,0.0,0.0,0.0,0.0,0.0,0.0,0.018
Carlos Harvey,Minnesota United FC,FB,28,0.31,1.36,64.49,0.0,0.0,0.0,0.0,0.0,0.0,0.016
Justen Glad,Real Salt Lake,CB,103,1.14,1.36,62.43,0.0,0.0,0.0,0.0,0.0,0.0,0.016
Ondrej Lingr,Houston Dynamo FC,FB,18,0.2,1.36,33.52,0.0,0.0,0.0,0.0,0.0,0.0,0.016
Dominik Marczuk,Real Salt Lake,W,26,0.29,1.36,44.78,0.0,0.039,0.0,0.0,0.0,0.0,-0.017
Djibril Diani,Charlotte FC,DM,29,0.32,1.35,56.16,0.0,0.0,0.0,0.0,0.0,0.0,0.015
Aníbal Godoy,San Diego FC,CM,73,0.81,1.35,57.39,0.0,0.0,0.0,0.0,0.0,0.0,0.014
Wilder Cartagena,Orlando City SC,DM,14,0.16,1.34,43.66,0.0,0.0,0.0,0.0,0.0,0.0,0.013
Dániel Gazdag,Columbus Crew,W,12,0.13,1.34,48.73,0.0,0.0,0.0,0.0,0.0,0.0,0.012
Troy Putt,Minnesota United FC,W,8,0.09,1.34,64.2,0.0,0.0,0.0,0.0,0.0,0.0,0.012
Oscar Verhoeven,San Diego FC,FB,26,0.29,1.33,58.93,0.0,0.0,0.0,0.0,0.0,0.0,0.01
Justin Reynolds,Sporting Kansas City,FB,38,0.42,1.33,57.64,0.0,0.0,0.0,0.0,0.0,0.0,0.009
Tom Barlow,FC Cincinnati,ST,27,0.3,1.33,51.72,0.0,0.0,0.0,0.0,0.0,0.0,0.01
Édier Ocampo,Vancouver Whitecaps FC,W,30,0.33,1.32,48.44,0.0,0.0,0.0,0.0,0.0,0.0,0.007
Joao Ortíz,Portland Timbers FC,W,10,0.11,1.32,63.93,0.0,0.0,0.0,0.0,0.0,0.0,0.007
Evander,FC Cincinnati,DM,13,0.14,1.32,63.99,0.0,0.0,0.0,0.0,0.0,0.0,0.008
DeAndre Yedlin,Real Salt Lake,CB,90,1.0,1.32,55.55,0.0,0.0,0.0,0.0,0.0,0.0,0.007
Matthew Corcoran,Nashville SC,DM,23,0.26,1.32,53.25,0.0,0.0,0.0,0.0,0.0,0.0,0.009
Aleksey Miranchuk,Atlanta United FC,W,25,0.28,1.31,47.28,0.0,0.0,0.0,0.0,0.0,0.0,0.005
Taha Habroune,Columbus Crew,CM,80,0.89,1.31,51.03,0.0,0.042,0.0,0.0,0.0,0.0,-0.029
John Nelson,LA Galaxy,FB,31,0.34,1.31,63.79,0.0,0.0,0.0,0.0,0.0,0.0,0.005
Tanner Rosborough,New York Red Bulls,ST,10,0.11,1.31,48.39,0.0,0.0,0.0,0.0,0.0,0.0,0.006
Kamal Miller,Portland Timbers FC,CB,10,0.11,1.3,43.03,0.0,0.0,0.0,0.0,0.0,0.0,0.003
Dor Turgeman,New England Revolution,W,69,0.77,1.3,63.63,0.0,0.0,0.0,0.0,0.0,0.0,0.003
Obinna Nwobodo,FC Cincinnati,CM,9,0.1,1.29,32.64,0.0,0.0,0.0,0.0,0.0,0.0,0.002
Matheus Nascimento,LA Galaxy,ST,10,0.11,1.29,48.13,0.0,0.0,0.0,0.0,0.0,0.0,0.002
Philip Quinton,Real Salt Lake,CB,13,0.14,1.29,53.25,0.0,0.0,0.0,0.0,0.0,0.0,0.001
Daniel,San Jose Earthquakes,GK,98,1.09,1.28,46.76,0.0,0.0,0.0,0.0,0.0,0.0,0.0
Patrick Schulte,Columbus Crew,GK,101,1.12,1.28,50.74,0.0,0.0,0.0,0.0,0.0,0.0,0.0
Dieng Mamadou,Minnesota United FC,W,8,0.09,1.28,1.56,0.0,0.0,0.0,0.0,0.0,0.0,-0.001
Hugo Lloris,Los Angeles FC,GK,105,1.17,1.28,45.15,0.0,0.0,0.0,0.0,0.0,0.0,0.0
Dayne St. Clair,Inter Miami CF,GK,105,1.17,1.28,58.95,0.0,0.0,0.0,0.0,0.0,0.0,0.0
Robin Lod,Chicago Fire FC,W,79,0.88,1.28,49.67,0.0,0.0,0.0,0.0,0.0,0.0,-0.001
Brad Stuver,Austin FC,GK,97,1.08,1.28,45.61,0.0,0.0,0.0,0.0,0.0,0.0,0.0
Lucas Hoyos,Atlanta United FC,GK,101,1.12,1.28,38.35,0.0,0.0,0.0,0.0,0.0,0.0,0.0
Zack Steffen,Colorado Rapids,GK,112,1.24,1.28,50.83,0.0,0.0,0.0,0.0,0.0,0.0,0.0
Jordan Morris,Seattle Sounders FC,W,8,0.09,1.28,63.4,0.0,0.0,0.0,0.0,0.0,0.0,-0.001
Rafael Cabral,Real Salt Lake,GK,103,1.14,1.28,41.65,0.0,0.0,0.0,0.0,0.0,0.0,0.0
Sean Nealis,D.C. United,ST,3,0.03,1.28,1.53,0.0,0.0,0.0,0.0,0.0,0.0,-0.002
Matt Turner,New England Revolution,GK,103,1.14,1.28,56.2,0.0,0.0,0.0,0.0,0.0,0.0,0.0
Luka Gavran,Toronto FC,GK,104,1.16,1.28,44.15,0.0,0.0,0.0,0.0,0.0,0.0,0.0
Novak Mićović,LA Galaxy,GK,105,1.17,1.28,35.99,0.0,0.0,0.0,0.0,0.0,0.0,0.0
Chris Brady,Chicago Fire FC,GK,100,1.11,1.28,49.94,0.0,0.0,0.0,0.0,0.0,0.0,0.0
Roman Bürki,St. Louis City SC,GK,100,1.11,1.28,50.03,0.0,0.0,0.0,0.0,0.0,0.0,0.0
Roman Celentano,FC Cincinnati,GK,101,1.12,1.28,52.23,0.0,0.0,0.0,0.0,0.0,0.0,0.0
Jonathan Bond,Houston Dynamo FC,GK,100,1.11,1.28,54.63,0.0,0.0,0.0,0.0,0.0,0.0,0.0
Ethan Horvath,New York Red Bulls,GK,103,1.14,1.28,52.23,0.0,0.0,0.0,0.0,0.0,0.0,0.0
Drake Callender,Minnesota United FC,GK,97,1.08,1.28,42.21,0.0,0.0,0.0,0.0,0.0,0.0,0.0
Thomas Gillier,CF Montréal,GK,99,1.1,1.28,42.86,0.0,0.0,0.0,0.0,0.0,0.0,0.0
Luca De La Torre,Charlotte FC,DM,71,0.79,1.28,50.02,0.0,0.075,0.0,0.0,0.0,0.0,-0.061
Sean Johnson,D.C. United,GK,99,1.1,1.28,29.36,0.0,0.0,0.0,0.0,0.0,0.0,0.0
John Pulskamp,Sporting Kansas City,GK,98,1.09,1.28,54.38,0.0,0.0,0.0,0.0,0.0,0.0,0.0
Matt Freese,New York City FC,GK,105,1.17,1.28,44.44,0.0,0.0,0.0,0.0,0.0,0.0,0.0
Duran Michael Ferree,San Diego FC,GK,99,1.1,1.28,57.16,0.0,0.0,0.0,0.0,0.0,0.0,0.0
Malik Henry,Toronto FC,W,59,0.66,1.28,50.17,0.0,0.0,0.0,0.0,0.0,0.0,-0.001
Yohei Takaoka,Vancouver Whitecaps FC,GK,103,1.14,1.28,53.85,0.0,0.0,0.0,0.0,0.0,0.0,0.0
Kristijan Kahlina,Charlotte FC,GK,100,1.11,1.28,46.61,0.0,0.0,0.0,0.0,0.0,0.0,0.0
Jon Bell,Austin FC,W,3,0.03,1.28,32.53,0.0,0.0,0.0,0.0,0.0,0.0,-0.0
Michael Collodi,FC Dallas,GK,104,1.16,1.28,46.61,0.0,0.0,0.0,0.0,0.0,0.0,0.0
Andrew Thomas,Seattle Sounders FC,GK,112,1.24,1.28,41.21,0.0,0.0,0.0,0.0,0.0,0.0,0.0
Jalen Neal,CF Montréal,DM,11,0.12,1.28,45.71,0.0,0.0,0.0,0.0,0.0,0.0,-0.002
Brian Schwake,Nashville SC,GK,103,1.14,1.28,48.36,0.0,0.0,0.0,0.0,0.0,0.0,0.0
Maxime Crépeau,Orlando City SC,GK,103,1.14,1.28,47.34,0.0,0.0,0.0,0.0,0.0,0.0,0.0
James Pantemis,Portland Timbers FC,GK,101,1.12,1.28,51.77,0.0,0.0,0.0,0.0,0.0,0.0,0.0
Will Sands,New England Revolution,FB,45,0.5,1.27,60.33,0.0,0.0,0.0,0.0,0.0,0.0,-0.003
Pedro Soma,San Diego FC,CM,26,0.29,1.27,63.33,0.0,0.0,0.0,0.0,0.0,0.0,-0.002
Bryan Acosta,Nashville SC,CM,5,0.06,1.27,1.46,0.0,0.0,0.0,0.0,0.0,0.0,-0.003
Woobens Pacius,Nashville SC,ST,13,0.14,1.26,32.27,0.0,0.0,0.0,0.0,0.0,0.0,-0.005
Ian Smith,Portland Timbers FC,ST,4,0.04,1.26,63.19,0.0,0.0,0.0,0.0,0.0,0.0,-0.005
Jamal Thiaré,Columbus Crew,ST,12,0.13,1.26,32.19,0.0,0.0,0.0,0.0,0.0,0.0,-0.006
Zach Booth,Real Salt Lake,W,64,0.71,1.26,50.19,0.0,0.0,0.0,0.0,0.0,0.0,-0.004
Nicholas Markanich,Houston Dynamo FC,FB,4,0.04,1.26,1.29,0.0,0.0,0.0,0.0,0.0,0.0,-0.006
DeJuan Jones,San Jose Earthquakes,FB,74,0.82,1.26,51.87,0.0,0.0,0.0,0.0,0.0,0.0,-0.006
Alvas Powell,FC Cincinnati,FB,9,0.1,1.25,1.13,0.0,0.0,0.0,0.0,0.0,0.0,-0.008
Gilberto Flores,FC Cincinnati,CB,27,0.3,1.25,52.72,0.0,0.0,0.0,0.0,0.0,0.0,-0.007
Taylor Calheira,Sporting Kansas City,W,4,0.04,1.25,42.42,0.0,0.0,0.0,0.0,0.0,0.0,-0.007
Alex Muyl,Nashville SC,W,34,0.38,1.25,28.3,0.0,0.076,0.0,0.0,0.0,0.0,-0.069
Paul Arriola,Seattle Sounders FC,AM,7,0.08,1.25,63.0,0.0,0.0,0.0,0.0,0.0,0.0,-0.008
Andrew Privett,Charlotte FC,CB,100,1.11,1.24,51.7,0.0,0.0,0.0,0.0,0.0,0.0,-0.01
Geiner Martínez,Philadelphia Union,CB,51,0.57,1.24,47.89,0.0,0.0,0.0,0.0,0.0,0.0,-0.01
Tyger Smalls,Charlotte FC,ST,10,0.11,1.24,42.24,0.0,0.0,0.0,0.0,0.0,0.0,-0.01
CJ Fodrey,Austin FC,W,3,0.03,1.23,0.94,0.0,0.0,0.0,0.0,0.0,0.0,-0.011
Bode Hidalgo,CF Montréal,FB,99,1.1,1.23,46.94,0.0,0.0,0.0,0.0,0.0,0.0,-0.011
Bongokuhle Hlongwane,Minnesota United FC,W,68,0.76,1.22,39.46,0.0,0.0,0.0,0.0,0.0,0.0,-0.013
Aiden O'Neill,New York City FC,DM,81,0.9,1.22,55.82,0.0,0.0,0.0,0.0,0.0,0.0,-0.015
Harry Toffolo,Charlotte FC,FB,71,0.79,1.22,46.52,0.0,0.0,0.0,0.0,0.0,0.0,-0.013
Josh Atencio,Colorado Rapids,DM,112,1.24,1.22,52.6,0.0,0.0,0.0,0.0,0.0,0.0,-0.015
Christopher Cupps,Chicago Fire FC,CB,21,0.23,1.21,57.48,0.0,0.0,0.0,0.0,0.0,0.0,-0.017
Philip Zinckernagel,Chicago Fire FC,W,100,1.11,1.21,45.28,0.0,0.028,0.0,0.0,0.0,0.0,-0.038
Finn Sundstrom,Philadelphia Union,FB,48,0.53,1.21,27.1,0.0,0.0,0.0,0.0,0.0,0.0,-0.017
Ran Binyamin,FC Dallas,CM,7,0.08,1.21,0.65,0.0,0.0,0.0,0.0,0.0,0.0,-0.016
Jesús Bueno,Philadelphia Union,CM,60,0.67,1.2,40.95,0.0,0.0,0.0,0.0,0.0,0.0,-0.018
Ian Harkes,San Jose Earthquakes,DM,29,0.32,1.19,49.0,0.0,0.0,0.0,0.0,0.0,0.0,-0.02
Ethan Kohler,New England Revolution,FB,103,1.14,1.19,55.68,0.0,0.052,0.0,0.0,0.0,0.0,-0.064
Raheem Edwards,Toronto FC,FB,45,0.5,1.19,35.56,0.0,0.056,0.0,0.0,0.0,0.0,-0.067
Alhassan Yusuf,New England Revolution,DM,13,0.14,1.19,54.9,0.0,0.0,0.0,0.0,0.0,0.0,-0.021
Silvan Hefti,D.C. United,FB,99,1.1,1.19,42.06,0.0,0.0,0.0,0.0,0.0,0.0,-0.02
Jesús Barea,Real Salt Lake,ST,14,0.16,1.18,62.05,0.0,0.0,0.0,0.0,0.0,0.0,-0.023
Tomás Jacob,Atlanta United FC,CM,101,1.12,1.18,29.99,0.0,0.0,0.0,0.0,0.0,0.0,-0.023
Diadie Samassékou,Houston Dynamo FC,CM,10,0.11,1.18,0.23,0.0,0.0,0.0,0.0,0.0,0.0,-0.023
Sam Rogers,Chicago Fire FC,CB,79,0.88,1.17,59.71,0.0,0.0,0.0,0.0,0.0,0.0,-0.025
Justin Haak,LA Galaxy,DM,105,1.17,1.17,42.04,0.0,0.0,0.0,0.0,0.0,0.0,-0.025
Keegan Hughes,New England Revolution,CB,90,1.0,1.16,51.25,0.0,0.0,0.0,0.0,0.0,0.0,-0.028
Talles Magno,New York City FC,W,10,0.11,1.16,61.85,0.0,0.0,0.0,0.0,0.0,0.0,-0.026
Yeimar Gómez Andrade,Seattle Sounders FC,CB,112,1.24,1.16,51.43,0.0,0.0,0.0,0.0,0.0,0.0,-0.028
Jakob Glesnes,LA Galaxy,CB,105,1.17,1.16,55.6,0.0,0.0,0.0,0.0,0.0,0.0,-0.027
Brandon Servania,D.C. United,CM,99,1.1,1.16,38.3,0.0,0.0,0.0,0.0,0.0,0.0,-0.028
Nikola Markovic,D.C. United,W,7,0.08,1.16,0.0,0.0,0.0,0.0,0.0,0.0,0.0,-0.026
Samuel Piette,CF Montréal,DM,48,0.53,1.15,58.72,0.0,0.0,0.0,0.0,0.0,0.0,-0.029
Julián Aude,LA Galaxy,FB,74,0.82,1.15,46.23,0.0,0.0,0.0,0.0,0.0,0.0,-0.029
Julian Gressel,Minnesota United FC,W,29,0.32,1.15,38.49,0.0,0.0,0.0,0.0,0.0,0.0,-0.029
Chris Mueller,Chicago Fire FC,W,21,0.23,1.15,46.19,0.0,0.0,0.0,0.0,0.0,0.0,-0.029
Nkosi Tafari,Los Angeles FC,CB,105,1.17,1.13,49.38,0.0,0.0,0.0,0.0,0.0,0.0,-0.034
Luca Langoni,New England Revolution,W,34,0.38,1.13,43.78,0.0,0.0,0.0,0.0,0.0,0.0,-0.033
Gage Guerra,Portland Timbers FC,ST,81,0.9,1.12,40.85,0.0,0.143,0.0,0.0,0.0,0.0,-0.152
Mbekezeli Mbokazi,Chicago Fire FC,CB,91,1.01,1.12,41.85,0.0,0.0,0.0,0.0,0.0,0.0,-0.035
Jackson Travis,Colorado Rapids,FB,105,1.17,1.1,45.58,0.0,0.0,0.0,0.0,0.0,0.0,-0.039
Danny Musovski,Seattle Sounders FC,ST,26,0.29,1.1,14.62,0.0,0.0,0.0,0.0,0.0,0.0,-0.04
Kobe Franklin,Toronto FC,FB,82,0.91,1.1,48.91,0.0,0.019,0.0,0.0,0.0,0.0,-0.056
Puso Dithejane,Chicago Fire FC,CM,9,0.1,1.1,60.92,0.0,0.0,0.0,0.0,0.0,0.0,-0.041
Hassani Dotson,Seattle Sounders FC,DM,59,0.66,1.07,44.09,0.0,0.0,0.0,0.0,0.0,0.0,-0.047
Iago,Orlando City SC,CB,51,0.57,1.07,52.81,0.0,0.0,0.0,0.0,0.0,0.0,-0.047
Malcolm Fry,New England Revolution,W,27,0.3,1.05,55.62,0.0,0.0,0.0,0.0,0.0,0.0,-0.05
David Brekalo,Orlando City SC,CB,103,1.14,1.04,49.14,0.0,0.0,0.0,0.0,0.0,0.0,-0.054
Steven Alzate,Atlanta United FC,CM,87,0.97,1.03,54.69,0.0,0.0,0.0,0.0,0.0,0.0,-0.055
Mathieu Choinière,Los Angeles FC,W,28,0.31,1.01,47.42,0.0,0.0,0.0,0.0,0.0,0.0,-0.06
Matt Polster,New England Revolution,DM,90,1.0,1.0,52.86,0.0,0.0,0.0,0.0,0.0,0.0,-0.063
Lawrence Ennali,Houston Dynamo FC,FB,96,1.07,0.97,46.9,0.0,0.0,0.0,0.0,0.0,0.0,-0.068
Keegan Rosenberry,Colorado Rapids,FB,50,0.56,0.92,45.25,0.0,0.0,0.0,0.0,0.0,0.0,-0.08
Nicolás Dubersarsky,Austin FC,DM,16,0.18,0.91,47.16,0.0,0.0,0.0,0.0,0.0,0.0,-0.082
Lucas Sanabria,LA Galaxy,DM,105,1.17,0.86,47.42,0.0,0.038,0.0,0.0,0.0,0.0,-0.124
Dante Sealy,Colorado Rapids,W,85,0.94,0.85,45.25,0.0,0.0,0.0,0.0,0.0,0.0,-0.095
Darren Yapi,Colorado Rapids,W,91,1.01,0.82,34.04,0.0,0.0,0.0,0.0,0.0,0.0,-0.101
Ted Ku-Dipietro,Colorado Rapids,W,21,0.23,0.78,28.13,0.0,0.0,0.0,0.0,0.0,0.0,-0.11
Maxwell Woledzi,Nashville SC,CB,103,1.14,0.78,55.93,0.0,0.0,0.0,0.0,0.0,0.0,-0.109
Paxten Aaronson,Colorado Rapids,AM,85,0.94,0.74,40.68,0.0,0.0,0.0,0.0,0.0,0.0,-0.119
Cooper Sanchez,Atlanta United FC,W,76,0.84,0.73,46.91,0.0,0.0,0.0,0.0,0.0,0.0,-0.12
Ralph Priso,Vancouver Whitecaps FC,CB,103,1.14,0.68,51.86,0.0,0.0,0.0,0.0,0.0,0.0,-0.132
Ian Fray,Inter Miami CF,FB,53,0.59,0.63,38.26,0.0,0.0,0.0,0.0,0.0,0.0,-0.143
Juan Berrocal,Atlanta United FC,CB,101,1.12,0.61,48.25,0.0,0.0,0.0,0.0,0.0,0.0,-0.146
Dylan Nealis,New York Red Bulls,CB,103,1.14,0.58,43.11,0.0,0.0,0.0,0.0,0.0,0.0,-0.153
Walker Zimmerman,Toronto FC,CB,104,1.16,0.5,40.81,0.0,0.0,0.0,0.0,0.0,0.0,-0.17
Sam Junqua,Real Salt Lake,CB,103,1.14,0.49,38.85,0.0,0.0,0.0,0.0,0.0,0.0,-0.173
Emilio Aristizábal,Toronto FC,ST,22,0.24,0.49,40.37,0.0,0.0,0.0,0.0,0.0,0.0,-0.174
David Vazquez,San Diego FC,CM,36,0.4,0.47,52.44,0.0,0.0,0.0,0.0,0.0,0.0,-0.178
Eric Maxim Choupo-Moting,New York Red Bulls,W,22,0.24,0.46,52.37,0.0,0.0,0.0,0.0,0.0,0.0,-0.18
Mathías Laborda,Vancouver Whitecaps FC,FB,103,1.14,0.41,38.86,0.0,0.058,0.0,0.0,0.0,0.0,-0.237
Gabriel Pirani,D.C. United,ST,73,0.81,0.41,31.05,0.0,0.0,0.0,0.0,0.0,0.0,-0.191
Djé D'Avilla,Chicago Fire FC,CM,91,1.01,0.32,44.06,0.0,0.0,0.0,0.0,0.0,0.0,-0.21
Griffin Yow,New England Revolution,W,76,0.84,0.04,33.75,0.0,0.0,0.0,0.0,0.0,0.0,-0.27
Tim Ream,Charlotte FC,CB,100,1.11,0.04,40.8,0.0,0.041,0.0,0.0,0.0,0.0,-0.305
Emiro Garcés,LA Galaxy,CB,71,0.79,0.0,30.72,0.0,0.0,0.0,0.0,0.0,0.0,-0.28
